baseline,metric,risk_minus_baseline_mean,ci_2_5,ci_97_5,repetitions,block_sessions,index_id,index_name,analysis,cost_bps,value,max_drawdown,calmar
Buy & Hold,Max Drawdown,-0.06512091708605056,-0.16156698894215496,0.05404333668097372,500.0,20.0,CSI300,沪深300,paired_moving_block_bootstrap,,,,
Constant Exposure - Train Fixed,Max Drawdown,0.07050738195105177,-0.021109693324269922,0.1778763108943504,500.0,20.0,CSI300,沪深300,paired_moving_block_bootstrap,,,,
MA200,Max Drawdown,-0.007898312406671661,-0.1376606524012023,0.11842357708870183,500.0,20.0,CSI300,沪深300,paired_moving_block_bootstrap,,,,
MA20/MA60,Max Drawdown,0.0012481387335144729,-0.1484928368231986,0.137200525585046,500.0,20.0,CSI300,沪深300,paired_moving_block_bootstrap,,,,
Volatility Targeting,Max Drawdown,-0.042943839981089735,-0.14542172282892565,0.05848163266262218,500.0,20.0,CSI300,沪深300,paired_moving_block_bootstrap,,,,
Buy & Hold,Calmar Ratio,-0.05557088969429866,-0.23020502468349777,0.03959327229618089,500.0,20.0,CSI300,沪深300,paired_moving_block_bootstrap,,,,
Constant Exposure - Train Fixed,Calmar Ratio,-0.06310859264553204,-0.2317746658350656,0.035899443024079325,500.0,20.0,CSI300,沪深300,paired_moving_block_bootstrap,,,,
MA200,Calmar Ratio,-0.024354948103733818,-0.20128056337020095,0.13662766883418037,500.0,20.0,CSI300,沪深300,paired_moving_block_bootstrap,,,,
MA20/MA60,Calmar Ratio,-0.00804591417662302,-0.20803731634727557,0.1926503256522953,500.0,20.0,CSI300,沪深300,paired_moving_block_bootstrap,,,,
Volatility Targeting,Calmar Ratio,-0.02310462018994091,-0.17004511993655907,0.08030197653446221,500.0,20.0,CSI300,沪深300,paired_moving_block_bootstrap,,,,
,CAGR,,,,,,CSI300,沪深300,cost_sensitivity,0.0,0.0020897843377423175,0.38296674418304544,0.005456829788707371
,CAGR,,,,,,CSI300,沪深300,cost_sensitivity,5.0,-0.0036353745827591988,0.39506579719739077,-0.009201947140321083
,CAGR,,,,,,CSI300,沪深300,cost_sensitivity,10.0,-0.00932894291376063,0.4069293778087131,-0.022925213618137746
,CAGR,,,,,,CSI300,沪深300,cost_sensitivity,20.0,-0.020622781794862988,0.42997008770689327,-0.047963294155758465
Buy & Hold,Max Drawdown,-0.15795711033531928,-0.28345879113818917,-0.027859375007673822,500.0,20.0,CSI1000,中证1000,paired_moving_block_bootstrap,,,,
Constant Exposure - Train Fixed,Max Drawdown,0.002324527216709609,-0.11906538634344407,0.12388558357305093,500.0,20.0,CSI1000,中证1000,paired_moving_block_bootstrap,,,,
MA200,Max Drawdown,-0.046033639967170685,-0.2060396175840685,0.11706163200303304,500.0,20.0,CSI1000,中证1000,paired_moving_block_bootstrap,,,,
MA20/MA60,Max Drawdown,-0.03376475910369167,-0.19771462771727547,0.1367286714654873,500.0,20.0,CSI1000,中证1000,paired_moving_block_bootstrap,,,,
Volatility Targeting,Max Drawdown,-0.1500649723022148,-0.2889035563366832,-0.02226351551434461,500.0,20.0,CSI1000,中证1000,paired_moving_block_bootstrap,,,,
Buy & Hold,Calmar Ratio,0.030327757440954832,-0.11752772640069759,0.18238981054998019,500.0,20.0,CSI1000,中证1000,paired_moving_block_bootstrap,,,,
Constant Exposure - Train Fixed,Calmar Ratio,0.024598349357480575,-0.11961525966605689,0.2205990643293834,500.0,20.0,CSI1000,中证1000,paired_moving_block_bootstrap,,,,
MA200,Calmar Ratio,0.061209353459861233,-0.16976666318940445,0.3694796762389282,500.0,20.0,CSI1000,中证1000,paired_moving_block_bootstrap,,,,
MA20/MA60,Calmar Ratio,0.058300266177315936,-0.13330076775381408,0.3243705932011049,500.0,20.0,CSI1000,中证1000,paired_moving_block_bootstrap,,,,
Volatility Targeting,Calmar Ratio,0.1460076649936347,0.029785255126681596,0.3918655995675972,500.0,20.0,CSI1000,中证1000,paired_moving_block_bootstrap,,,,
,CAGR,,,,,,CSI1000,中证1000,cost_sensitivity,0.0,0.0221287413668807,0.3274103511455676,0.06758717703779071
,CAGR,,,,,,CSI1000,中证1000,cost_sensitivity,5.0,0.016302786315331552,0.3421490587120115,0.04764819864389481
,CAGR,,,,,,CSI1000,中证1000,cost_sensitivity,10.0,0.010508843855580707,0.35785875066578154,0.029365898796744342
,CAGR,,,,,,CSI1000,中证1000,cost_sensitivity,20.0,-0.0009843479333048188,0.3881716489093714,-0.0025358573612227924
Buy & Hold,Max Drawdown,-0.14827774923184137,-0.27615130956477646,-0.0272843095094053,500.0,20.0,CSI2000,中证2000,paired_moving_block_bootstrap,,,,
Constant Exposure - Train Fixed,Max Drawdown,0.030857250061773884,-0.1093647858159775,0.1668519713659564,500.0,20.0,CSI2000,中证2000,paired_moving_block_bootstrap,,,,
MA200,Max Drawdown,-0.0649233957491655,-0.25282356242462445,0.09203680946029894,500.0,20.0,CSI2000,中证2000,paired_moving_block_bootstrap,,,,
MA20/MA60,Max Drawdown,-0.027687848369097497,-0.21549362940677258,0.13361171726404744,500.0,20.0,CSI2000,中证2000,paired_moving_block_bootstrap,,,,
Volatility Targeting,Max Drawdown,-0.13028186797473784,-0.27814314307914184,-0.012497259675394312,500.0,20.0,CSI2000,中证2000,paired_moving_block_bootstrap,,,,
Buy & Hold,Calmar Ratio,-0.024515087885200657,-0.23835313685832157,0.12074442872292945,500.0,20.0,CSI2000,中证2000,paired_moving_block_bootstrap,,,,
Constant Exposure - Train Fixed,Calmar Ratio,-0.060069529717992766,-0.282752603811075,0.12347463282990527,500.0,20.0,CSI2000,中证2000,paired_moving_block_bootstrap,,,,
MA200,Calmar Ratio,0.06388054872835718,-0.13377858681031238,0.36944382437574136,500.0,20.0,CSI2000,中证2000,paired_moving_block_bootstrap,,,,
MA20/MA60,Calmar Ratio,0.039929357860388655,-0.21297927170859493,0.32934816479206575,500.0,20.0,CSI2000,中证2000,paired_moving_block_bootstrap,,,,
Volatility Targeting,Calmar Ratio,0.1339374179842629,0.031132171875494198,0.34395513234396197,500.0,20.0,CSI2000,中证2000,paired_moving_block_bootstrap,,,,
,CAGR,,,,,,CSI2000,中证2000,cost_sensitivity,0.0,0.02542491761003718,0.2717294439456913,0.09356703212154911
,CAGR,,,,,,CSI2000,中证2000,cost_sensitivity,5.0,0.019637007864491185,0.27658494783411547,0.07099810751909996
,CAGR,,,,,,CSI2000,中证2000,cost_sensitivity,10.0,0.01388043777305703,0.2814088680063531,0.04932480582930195
,CAGR,,,,,,CSI2000,中证2000,cost_sensitivity,20.0,0.002460452200763852,0.31609968319841864,0.007783785721858518
