序号,信号日,执行日,Risk Score,目标档位,原风险仓位%,新风险仓位%
1,2016-02-19,2016-02-22,61.97,M4,20.0,50.0
2,2016-02-26,2016-02-29,88.71,M6,50.0,20.0
3,2016-03-04,2016-03-07,75.77,M5,20.0,35.0
4,2016-03-18,2016-03-21,57.86,M3,35.0,65.0
5,2016-03-25,2016-03-28,48.25,M2,65.0,80.0
6,2016-04-22,2016-04-25,75.01,M5,80.0,35.0
7,2016-04-29,2016-05-03,64.37,M4,35.0,50.0
8,2016-05-06,2016-05-09,70.87,M5,50.0,35.0
9,2016-05-13,2016-05-16,86.11,M6,35.0,20.0
10,2016-05-20,2016-05-23,79.83,M5,20.0,35.0
11,2016-05-27,2016-05-30,68.87,M4,35.0,50.0
12,2016-06-03,2016-06-06,49.55,M2,50.0,80.0
13,2016-06-17,2016-06-20,54.99,M3,80.0,65.0
14,2016-06-24,2016-06-27,47.92,M2,65.0,80.0
15,2016-07-15,2016-07-18,31.67,M1,80.0,90.0
16,2016-07-29,2016-08-01,68.72,M4,90.0,50.0
17,2016-08-12,2016-08-15,58.69,M3,50.0,65.0
18,2016-08-19,2016-08-22,47.53,M2,65.0,80.0
19,2016-09-14,2016-09-19,63.76,M4,80.0,50.0
20,2016-09-23,2016-09-26,47.43,M2,50.0,80.0
21,2016-09-30,2016-10-10,61.4,M4,80.0,50.0
22,2016-10-14,2016-10-17,41.66,M2,50.0,80.0
23,2016-10-21,2016-10-24,27.33,M1,80.0,90.0
24,2016-12-02,2016-12-05,45.78,M2,90.0,80.0
25,2016-12-09,2016-12-12,50.05,M3,80.0,65.0
26,2016-12-16,2016-12-19,71.45,M5,65.0,35.0
27,2016-12-23,2016-12-26,67.41,M4,35.0,50.0
28,2017-01-06,2017-01-09,59.64,M3,50.0,65.0
29,2017-01-13,2017-01-16,60.91,M4,65.0,50.0
30,2017-01-20,2017-01-23,75.67,M5,50.0,35.0
31,2017-01-26,2017-02-03,61.76,M4,35.0,50.0
32,2017-02-10,2017-02-13,48.34,M2,50.0,80.0
33,2017-02-24,2017-02-27,26.43,M1,80.0,90.0
34,2017-03-10,2017-03-13,38.9,M2,90.0,80.0
35,2017-03-17,2017-03-20,30.56,M1,80.0,90.0
36,2017-03-24,2017-03-27,37.34,M2,90.0,80.0
37,2017-03-31,2017-04-05,59.96,M3,80.0,65.0
38,2017-04-14,2017-04-17,62.17,M4,65.0,50.0
39,2017-04-21,2017-04-24,73.78,M5,50.0,35.0
40,2017-05-05,2017-05-08,69.62,M4,35.0,50.0
41,2017-05-12,2017-05-15,76.57,M5,50.0,35.0
42,2017-05-19,2017-05-22,67.14,M4,35.0,50.0
43,2017-05-26,2017-05-31,77.26,M5,50.0,35.0
44,2017-06-09,2017-06-12,57.63,M3,35.0,65.0
45,2017-06-16,2017-06-19,65.67,M4,65.0,50.0
46,2017-06-23,2017-06-26,52.53,M3,50.0,65.0
47,2017-06-30,2017-07-03,40.14,M2,65.0,80.0
48,2017-07-14,2017-07-17,57.82,M3,80.0,65.0
49,2017-07-21,2017-07-24,70.32,M5,65.0,35.0
50,2017-07-28,2017-07-31,55.38,M3,35.0,65.0
51,2017-08-11,2017-08-14,63.7,M4,65.0,50.0
52,2017-08-18,2017-08-21,37.85,M2,50.0,80.0
53,2017-09-01,2017-09-04,28.7,M1,80.0,90.0
54,2017-09-15,2017-09-18,38.12,M2,90.0,80.0
55,2017-09-29,2017-10-09,53.78,M3,80.0,65.0
56,2017-10-13,2017-10-16,45.89,M2,65.0,80.0
57,2017-10-20,2017-10-23,62.57,M4,80.0,50.0
58,2017-10-27,2017-10-30,50.85,M3,50.0,65.0
59,2017-11-03,2017-11-06,63.45,M4,65.0,50.0
60,2017-11-10,2017-11-13,46.07,M2,50.0,80.0
61,2017-11-17,2017-11-20,64.98,M4,80.0,50.0
62,2017-11-24,2017-11-27,72.18,M5,50.0,35.0
63,2017-12-01,2017-12-04,67.4,M4,35.0,50.0
64,2017-12-08,2017-12-11,77.57,M5,50.0,35.0
65,2017-12-15,2017-12-18,60.3,M4,35.0,50.0
66,2018-01-05,2018-01-08,34.78,M1,50.0,90.0
67,2018-01-12,2018-01-15,42.46,M2,90.0,80.0
68,2018-01-19,2018-01-22,50.87,M3,80.0,65.0
69,2018-01-26,2018-01-29,44.21,M2,65.0,80.0
70,2018-02-02,2018-02-05,77.06,M5,80.0,35.0
71,2018-02-14,2018-02-22,85.86,M6,35.0,20.0
72,2018-02-23,2018-02-26,75.85,M5,20.0,35.0
73,2018-03-02,2018-03-05,68.99,M4,35.0,50.0
74,2018-03-09,2018-03-12,39.37,M2,50.0,80.0
75,2018-03-23,2018-03-26,60.69,M4,80.0,50.0
76,2018-03-30,2018-04-02,50.89,M3,50.0,65.0
77,2018-04-13,2018-04-16,61.74,M4,65.0,50.0
78,2018-04-20,2018-04-23,72.51,M5,50.0,35.0
79,2018-04-27,2018-05-02,63.19,M4,35.0,50.0
80,2018-05-11,2018-05-14,55.76,M3,50.0,65.0
81,2018-05-25,2018-05-28,49.02,M2,65.0,80.0
82,2018-06-01,2018-06-04,70.1,M5,80.0,35.0
83,2018-06-08,2018-06-11,67.4,M4,35.0,50.0
84,2018-06-15,2018-06-19,77.51,M5,50.0,35.0
85,2018-06-22,2018-06-25,89.99,M6,35.0,20.0
86,2018-06-29,2018-07-02,78.44,M5,20.0,35.0
87,2018-07-20,2018-07-23,54.32,M3,35.0,65.0
88,2018-08-03,2018-08-06,69.31,M4,65.0,50.0
89,2018-08-17,2018-08-20,76.63,M5,50.0,35.0
90,2018-08-31,2018-09-03,69.81,M4,35.0,50.0
91,2018-09-21,2018-09-25,51.34,M3,50.0,65.0
92,2018-10-12,2018-10-15,81.82,M5,65.0,35.0
93,2018-11-02,2018-11-05,66.42,M4,35.0,50.0
94,2018-11-09,2018-11-12,48.46,M2,50.0,80.0
95,2018-11-16,2018-11-19,27.94,M1,80.0,90.0
96,2018-11-23,2018-11-26,51.62,M3,90.0,65.0
97,2018-12-14,2018-12-17,72.06,M5,65.0,35.0
98,2018-12-21,2018-12-24,65.65,M4,35.0,50.0
99,2019-01-11,2019-01-14,45.16,M2,50.0,80.0
100,2019-02-01,2019-02-11,61.86,M4,80.0,50.0
101,2019-02-15,2019-02-18,30.61,M1,50.0,90.0
102,2019-02-22,2019-02-25,19.58,M0,90.0,100.0
103,2019-03-01,2019-03-04,27.3,M1,100.0,90.0
104,2019-03-22,2019-03-25,18.76,M0,90.0,100.0
105,2019-03-29,2019-04-01,34.01,M1,100.0,90.0
106,2019-04-12,2019-04-15,36.61,M2,90.0,80.0
107,2019-04-26,2019-04-29,57.71,M3,80.0,65.0
108,2019-04-30,2019-05-06,72.67,M5,65.0,35.0
109,2019-05-31,2019-06-03,64.03,M4,35.0,50.0
110,2019-06-06,2019-06-10,71.88,M5,50.0,35.0
111,2019-06-14,2019-06-17,68.76,M4,35.0,50.0
112,2019-06-21,2019-06-24,29.89,M1,50.0,90.0
113,2019-06-28,2019-07-01,50.6,M3,90.0,65.0
114,2019-07-05,2019-07-08,35.36,M2,65.0,80.0
115,2019-07-12,2019-07-15,55.43,M3,80.0,65.0
116,2019-07-26,2019-07-29,61.02,M4,65.0,50.0
117,2019-08-02,2019-08-05,51.69,M3,50.0,65.0
118,2019-08-09,2019-08-12,66.71,M4,65.0,50.0
119,2019-08-16,2019-08-19,43.97,M2,50.0,80.0
120,2019-09-06,2019-09-09,13.05,M0,80.0,100.0
121,2019-09-20,2019-09-23,23.23,M1,100.0,90.0
122,2019-09-27,2019-09-30,55.32,M3,90.0,65.0
123,2019-10-11,2019-10-14,46.17,M2,65.0,80.0
124,2019-10-18,2019-10-21,58.15,M3,80.0,65.0
125,2019-11-01,2019-11-04,49.58,M2,65.0,80.0
126,2019-11-15,2019-11-18,59.95,M3,80.0,65.0
127,2019-11-22,2019-11-25,49.42,M2,65.0,80.0
128,2019-11-29,2019-12-02,58.33,M3,80.0,65.0
129,2019-12-06,2019-12-09,36.69,M2,65.0,80.0
130,2019-12-13,2019-12-16,17.96,M0,80.0,100.0
131,2019-12-27,2019-12-30,23.78,M1,100.0,90.0
132,2019-12-31,,18.1,M0,90.0,100.0
