index_id,index_name,strategy,year,return,complete_year
CSI300,沪深300,Buy & Hold,2018,-0.25309799665574684,True
CSI300,沪深300,Buy & Hold,2019,0.3606952656393283,True
CSI300,沪深300,Buy & Hold,2020,0.2721064469817427,True
CSI300,沪深300,Buy & Hold,2021,-0.05198622183362189,True
CSI300,沪深300,Buy & Hold,2022,-0.2163276811491145,True
CSI300,沪深300,Buy & Hold,2023,-0.11378242952626372,True
CSI300,沪深300,Buy & Hold,2024,0.14683324483427374,True
CSI300,沪深300,Buy & Hold,2025,0.17663134379993428,True
CSI300,沪深300,Buy & Hold,2026,-0.003995754156183473,False
CSI300,沪深300,Constant Exposure - Train Fixed,2018,-0.1713696500096068,True
CSI300,沪深300,Constant Exposure - Train Fixed,2019,0.210968643731956,True
CSI300,沪深300,Constant Exposure - Train Fixed,2020,0.1706543069927573,True
CSI300,沪深300,Constant Exposure - Train Fixed,2021,-0.028319739156888568,True
CSI300,沪深300,Constant Exposure - Train Fixed,2022,-0.14478982154952702,True
CSI300,沪深300,Constant Exposure - Train Fixed,2023,-0.06723886285805747,True
CSI300,沪深300,Constant Exposure - Train Fixed,2024,0.09638954665747068,True
CSI300,沪深300,Constant Exposure - Train Fixed,2025,0.10895394762912791,True
CSI300,沪深300,Constant Exposure - Train Fixed,2026,-0.0024184684107342314,False
CSI300,沪深300,MA200,2018,-0.10151838395077006,True
CSI300,沪深300,MA200,2019,0.21025414093967076,True
CSI300,沪深300,MA200,2020,0.14416562306422165,True
CSI300,沪深300,MA200,2021,-0.11401142311763124,True
CSI300,沪深300,MA200,2022,-0.04506007486189734,True
CSI300,沪深300,MA200,2023,-0.09965469039863639,True
CSI300,沪深300,MA200,2024,0.05016240530497673,True
CSI300,沪深300,MA200,2025,0.1423479060754771,True
CSI300,沪深300,MA200,2026,-0.08304294530897238,False
CSI300,沪深300,MA20/MA60,2018,-0.05712536389672507,True
CSI300,沪深300,MA20/MA60,2019,0.10930262691689441,True
CSI300,沪深300,MA20/MA60,2020,0.17611189387235227,True
CSI300,沪深300,MA20/MA60,2021,-0.10562704212141827,True
CSI300,沪深300,MA20/MA60,2022,-0.09994896954762233,True
CSI300,沪深300,MA20/MA60,2023,-0.05125571414011809,True
CSI300,沪深300,MA20/MA60,2024,0.026116850511913592,True
CSI300,沪深300,MA20/MA60,2025,0.09939283451503123,True
CSI300,沪深300,MA20/MA60,2026,-0.04711527791825876,False
CSI300,沪深300,Volatility Targeting,2018,-0.22031818397391367,True
CSI300,沪深300,Volatility Targeting,2019,0.32542112914230414,True
CSI300,沪深300,Volatility Targeting,2020,0.2145558370574452,True
CSI300,沪深300,Volatility Targeting,2021,-0.012384698215554102,True
CSI300,沪深300,Volatility Targeting,2022,-0.23014379510328475,True
CSI300,沪深300,Volatility Targeting,2023,-0.11158414795895766,True
CSI300,沪深300,Volatility Targeting,2024,0.07954422114362014,True
CSI300,沪深300,Volatility Targeting,2025,0.12720890003158303,True
CSI300,沪深300,Volatility Targeting,2026,-0.005799163245779226,False
CSI300,沪深300,Risk Score,2018,-0.144562158386502,True
CSI300,沪深300,Risk Score,2019,0.2520278668584661,True
CSI300,沪深300,Risk Score,2020,0.06314269770293435,True
CSI300,沪深300,Risk Score,2021,-0.07375630017464996,True
CSI300,沪深300,Risk Score,2022,-0.08999936401483177,True
CSI300,沪深300,Risk Score,2023,-0.13406808759285105,True
CSI300,沪深300,Risk Score,2024,0.06721314480154605,True
CSI300,沪深300,Risk Score,2025,0.10903139909523918,True
CSI300,沪深300,Risk Score,2026,-0.014949036370320079,False
CSI1000,中证1000,Buy & Hold,2018,-0.3687042769072183,True
CSI1000,中证1000,Buy & Hold,2019,0.25665984006677256,True
CSI1000,中证1000,Buy & Hold,2020,0.1938987069054543,True
CSI1000,中证1000,Buy & Hold,2021,0.20519904277057743,True
CSI1000,中证1000,Buy & Hold,2022,-0.21580933653927925,True
CSI1000,中证1000,Buy & Hold,2023,-0.06278409765224724,True
CSI1000,中证1000,Buy & Hold,2024,0.011972037807222335,True
CSI1000,中证1000,Buy & Hold,2025,0.274864892882128,True
CSI1000,中证1000,Buy & Hold,2026,0.012650559699245445,False
CSI1000,中证1000,Constant Exposure - Train Fixed,2018,-0.2309560178421739,True
CSI1000,中证1000,Constant Exposure - Train Fixed,2019,0.1409829398748066,True
CSI1000,中证1000,Constant Exposure - Train Fixed,2020,0.12290716616007158,True
CSI1000,中证1000,Constant Exposure - Train Fixed,2021,0.13072994278515337,True
CSI1000,中证1000,Constant Exposure - Train Fixed,2022,-0.15193448165524048,True
CSI1000,中证1000,Constant Exposure - Train Fixed,2023,-0.03677509231594078,True
CSI1000,中证1000,Constant Exposure - Train Fixed,2024,0.0231249276886083,True
CSI1000,中证1000,Constant Exposure - Train Fixed,2025,0.15550189987656227,True
CSI1000,中证1000,Constant Exposure - Train Fixed,2026,0.011844368777751413,False
CSI1000,中证1000,MA200,2018,-0.08357652303540786,True
CSI1000,中证1000,MA200,2019,-0.08337331838737927,True
CSI1000,中证1000,MA200,2020,0.05870932168437393,True
CSI1000,中证1000,MA200,2021,0.15694189442910544,True
CSI1000,中证1000,MA200,2022,-0.1806015343253069,True
CSI1000,中证1000,MA200,2023,-0.038629928833455174,True
CSI1000,中证1000,MA200,2024,-0.05027911424949594,True
CSI1000,中证1000,MA200,2025,0.22250829004304995,True
CSI1000,中证1000,MA200,2026,0.0059370052411396035,False
CSI1000,中证1000,MA20/MA60,2018,-0.15219805765611572,True
CSI1000,中证1000,MA20/MA60,2019,0.13070022764069034,True
CSI1000,中证1000,MA20/MA60,2020,0.15691882788127254,True
CSI1000,中证1000,MA20/MA60,2021,0.1827782656689556,True
CSI1000,中证1000,MA20/MA60,2022,-0.11527700104183058,True
CSI1000,中证1000,MA20/MA60,2023,-0.09912337930463566,True
CSI1000,中证1000,MA20/MA60,2024,-0.06686241991499231,True
CSI1000,中证1000,MA20/MA60,2025,0.09161961845386535,True
CSI1000,中证1000,MA20/MA60,2026,-0.09146659617061981,False
CSI1000,中证1000,Volatility Targeting,2018,-0.368148091941199,True
CSI1000,中证1000,Volatility Targeting,2019,0.18256457043913388,True
CSI1000,中证1000,Volatility Targeting,2020,0.07629896616448262,True
CSI1000,中证1000,Volatility Targeting,2021,0.152269451434782,True
CSI1000,中证1000,Volatility Targeting,2022,-0.21416956751189808,True
CSI1000,中证1000,Volatility Targeting,2023,-0.07532798658510287,True
CSI1000,中证1000,Volatility Targeting,2024,-0.10678078377119182,True
CSI1000,中证1000,Volatility Targeting,2025,0.11788112176719046,True
CSI1000,中证1000,Volatility Targeting,2026,0.008190886784610774,False
CSI1000,中证1000,Risk Score,2018,-0.2280360824261628,True
CSI1000,中证1000,Risk Score,2019,0.2039060745460095,True
CSI1000,中证1000,Risk Score,2020,0.08251729779961336,True
CSI1000,中证1000,Risk Score,2021,0.11382907703705003,True
CSI1000,中证1000,Risk Score,2022,-0.13346370039993527,True
CSI1000,中证1000,Risk Score,2023,-0.07823541378318188,True
CSI1000,中证1000,Risk Score,2024,0.061425038966691936,True
CSI1000,中证1000,Risk Score,2025,0.16698470682577615,True
CSI1000,中证1000,Risk Score,2026,0.03760938199150354,False
CSI2000,中证2000,Buy & Hold,2018,-0.33342492215540565,True
CSI2000,中证2000,Buy & Hold,2019,0.21960732314936826,True
CSI2000,中证2000,Buy & Hold,2020,0.15389831461227765,True
CSI2000,中证2000,Buy & Hold,2021,0.25893504858874783,True
CSI2000,中证2000,Buy & Hold,2022,-0.14774946978204828,True
CSI2000,中证2000,Buy & Hold,2023,0.05567506377242326,True
CSI2000,中证2000,Buy & Hold,2024,-0.021406298962609482,True
CSI2000,中证2000,Buy & Hold,2025,0.3641760013116935,True
CSI2000,中证2000,Buy & Hold,2026,-0.008933352593048394,False
CSI2000,中证2000,Constant Exposure - Train Fixed,2018,-0.15162843633047218,True
CSI2000,中证2000,Constant Exposure - Train Fixed,2019,0.12396409335857661,True
CSI2000,中证2000,Constant Exposure - Train Fixed,2020,0.09979882327640377,True
CSI2000,中证2000,Constant Exposure - Train Fixed,2021,0.16215681341533905,True
CSI2000,中证2000,Constant Exposure - Train Fixed,2022,-0.10041241250956823,True
CSI2000,中证2000,Constant Exposure - Train Fixed,2023,0.040413854044211606,True
CSI2000,中证2000,Constant Exposure - Train Fixed,2024,0.006081556906721852,True
CSI2000,中证2000,Constant Exposure - Train Fixed,2025,0.20505479829628115,True
CSI2000,中证2000,Constant Exposure - Train Fixed,2026,-0.001487117603303889,False
CSI2000,中证2000,MA200,2018,-0.07341575327644412,True
CSI2000,中证2000,MA200,2019,-0.0733087742054992,True
CSI2000,中证2000,MA200,2020,-0.00466792052471332,True
CSI2000,中证2000,MA200,2021,0.20926782248191622,True
CSI2000,中证2000,MA200,2022,-0.22533052067937875,True
CSI2000,中证2000,MA200,2023,-0.05110289923395728,True
CSI2000,中证2000,MA200,2024,-0.02647886380895248,True
CSI2000,中证2000,MA200,2025,0.2910422186634538,True
CSI2000,中证2000,MA200,2026,0.02732669692707157,False
CSI2000,中证2000,MA20/MA60,2018,-0.14864770271577032,True
CSI2000,中证2000,MA20/MA60,2019,0.06455861981497879,True
CSI2000,中证2000,MA20/MA60,2020,0.13897287981871198,True
CSI2000,中证2000,MA20/MA60,2021,0.18952482145671556,True
CSI2000,中证2000,MA20/MA60,2022,-0.1513519950296346,True
CSI2000,中证2000,MA20/MA60,2023,-0.030921132259525863,True
CSI2000,中证2000,MA20/MA60,2024,-0.06212341402455357,True
CSI2000,中证2000,MA20/MA60,2025,0.12129244343697754,True
CSI2000,中证2000,MA20/MA60,2026,0.0003452684708609155,False
CSI2000,中证2000,Volatility Targeting,2018,-0.3415015475252221,True
CSI2000,中证2000,Volatility Targeting,2019,0.12278629277276343,True
CSI2000,中证2000,Volatility Targeting,2020,0.017979324070577674,True
CSI2000,中证2000,Volatility Targeting,2021,0.19116695867194378,True
CSI2000,中证2000,Volatility Targeting,2022,-0.1581758544909163,True
CSI2000,中证2000,Volatility Targeting,2023,0.013390749010831815,True
CSI2000,中证2000,Volatility Targeting,2024,-0.1214572923007945,True
CSI2000,中证2000,Volatility Targeting,2025,0.12949718540738941,True
CSI2000,中证2000,Volatility Targeting,2026,-0.021497115848537085,False
CSI2000,中证2000,Risk Score,2018,-0.23938321149737374,True
CSI2000,中证2000,Risk Score,2019,0.136011026197024,True
CSI2000,中证2000,Risk Score,2020,0.04727371550848147,True
CSI2000,中证2000,Risk Score,2021,0.15068475628774358,True
CSI2000,中证2000,Risk Score,2022,-0.09625628475926007,True
CSI2000,中证2000,Risk Score,2023,-0.004234320833454097,True
CSI2000,中证2000,Risk Score,2024,0.03852206633569644,True
CSI2000,中证2000,Risk Score,2025,0.18242768027493583,True
CSI2000,中证2000,Risk Score,2026,0.028496102874578266,False
